PrivateID,RepositoryName,RepositoryURL,Organization,ContactEmails,DateAdded
github_58743923,cdcgov.github.io,https://github.com/CDCgov/cdcgov.github.io,CDC,cdcinfo@cdc.gov,2025-09-06T13:12:57.101385
github_54219993,U50,https://github.com/CDCgov/U50,CDC,cdcinfo@cdc.gov,2025-09-06T13:12:57.101392
github_51927721,code-of-conduct,https://github.com/CDCgov/code-of-conduct,CDC,cdcinfo@cdc.gov,2025-09-06T13:12:57.101394
github_51927117,template,https://github.com/CDCgov/template,CDC,cdcinfo@cdc.gov,2025-09-06T13:12:57.101396
github_59322008,PoSE,https://github.com/CDCgov/PoSE,CDC,cdcinfo@cdc.gov,2025-09-06T13:12:57.101397
github_65215952,SDP,https://github.com/CDCgov/SDP,CDC,cdcinfo@cdc.gov,2025-09-06T13:12:57.101399
github_68638942,SDP-Vocabulary-Service,https://github.com/CDCgov/SDP-Vocabulary-Service,CDC,cdcinfo@cdc.gov,2025-09-06T13:12:57.101400
github_75193213,SDP-Slide-Test,https://github.com/CDCgov/SDP-Slide-Test,CDC,cdcinfo@cdc.gov,2025-09-06T13:12:57.101404
github_78653061,xlr,https://github.com/CDCgov/xlr,CDC,cdcinfo@cdc.gov,2025-09-06T13:12:57.101405
github_83164458,concept-dictionary-manager,https://github.com/CDCgov/concept-dictionary-manager,CDC,cdcinfo@cdc.gov,2025-09-06T13:12:57.101407
github_83164834,test-dictionary-service,https://github.com/CDCgov/test-dictionary-service,CDC,cdcinfo@cdc.gov,2025-09-06T13:12:57.101408
github_87834081,NLPWorkbench,https://github.com/CDCgov/NLPWorkbench,CDC,cdcinfo@cdc.gov,2025-09-06T13:12:57.101409
github_87851782,phinvads-sync-util,https://github.com/CDCgov/phinvads-sync-util,CDC,cdcinfo@cdc.gov,2025-09-06T13:12:57.101411
github_92863936,SDP-CBR-Broker,https://github.com/CDCgov/SDP-CBR-Broker,CDC,cdcinfo@cdc.gov,2025-09-06T13:12:57.101412
github_95032486,openshift-fluentd-forwarder,https://github.com/CDCgov/openshift-fluentd-forwarder,CDC,cdcinfo@cdc.gov,2025-09-06T13:12:57.101413
github_87851629,SDP-CBR,https://github.com/CDCgov/SDP-CBR,CDC,cdcinfo@cdc.gov,2025-09-06T13:12:57.101414
github_101295790,blockchain-collab,https://github.com/CDCgov/blockchain-collab,CDC,cdcinfo@cdc.gov,2025-09-06T13:12:57.101416
github_95588794,MicrobeTrace-Archive,https://github.com/CDCgov/MicrobeTrace-Archive,CDC,nsp3@cdc.gov,2025-09-06T13:12:57.101417
github_102143596,CycloSync-collab,https://github.com/CDCgov/CycloSync-collab,CDC,cdcinfo@cdc.gov,2025-09-06T13:12:57.101418
github_105274720,couchdb,https://github.com/CDCgov/couchdb,CDC,cdcinfo@cdc.gov,2025-09-06T13:12:57.101419
github_105275225,elasticsearch,https://github.com/CDCgov/elasticsearch,CDC,cdcinfo@cdc.gov,2025-09-06T13:12:57.101421
github_105275523,fluentd,https://github.com/CDCgov/fluentd,CDC,cdcinfo@cdc.gov,2025-09-06T13:12:57.101422
github_105275681,kafka,https://github.com/CDCgov/kafka,CDC,cdcinfo@cdc.gov,2025-09-06T13:12:57.101423
github_105276007,kafka-connect,https://github.com/CDCgov/kafka-connect,CDC,cdcinfo@cdc.gov,2025-09-06T13:12:57.101424
github_105276089,kibana,https://github.com/CDCgov/kibana,CDC,cdcinfo@cdc.gov,2025-09-06T13:12:57.101426
github_105276143,logstash,https://github.com/CDCgov/logstash,CDC,cdcinfo@cdc.gov,2025-09-06T13:12:57.101427
github_105276193,minio,https://github.com/CDCgov/minio,CDC,cdcinfo@cdc.gov,2025-09-06T13:12:57.101430
github_105276254,mongodb,https://github.com/CDCgov/mongodb,CDC,cdcinfo@cdc.gov,2025-09-06T13:12:57.101431
github_105276350,redis,https://github.com/CDCgov/redis,CDC,cdcinfo@cdc.gov,2025-09-06T13:12:57.101432
github_105276457,schema-registry,https://github.com/CDCgov/schema-registry,CDC,cdcinfo@cdc.gov,2025-09-06T13:12:57.101434
github_105276508,zookeeper,https://github.com/CDCgov/zookeeper,CDC,cdcinfo@cdc.gov,2025-09-06T13:12:57.101435
github_108857087,F2017CDCLiaison,https://github.com/CDCgov/F2017CDCLiaison,CDC,cdcinfo@cdc.gov,2025-09-06T13:12:57.101436
github_112240087,GaTech-Fall2017-Krupa-Concussion-FHIRStarters,https://github.com/CDCgov/GaTech-Fall2017-Krupa-Concussion-FHIRStarters,CDC,cdcinfo@cdc.gov,2025-09-06T13:12:57.101437
github_112330646,GaTech-Fall2017-Srinivasan-ImproveAdherence-DEVSonFHIR,https://github.com/CDCgov/GaTech-Fall2017-Srinivasan-ImproveAdherence-DEVSonFHIR,CDC,cdcinfo@cdc.gov,2025-09-06T13:12:57.101439
github_112330779,GaTech-Fall2017-Srinivasan-SocialDeterminant-GT-MKSM,https://github.com/CDCgov/GaTech-Fall2017-Srinivasan-SocialDeterminant-GT-MKSM,CDC,cdcinfo@cdc.gov,2025-09-06T13:12:57.101440
github_112330879,GaTech-Fall2017-Srinivasan-Stroke-Team1,https://github.com/CDCgov/GaTech-Fall2017-Srinivasan-Stroke-Team1,CDC,cdcinfo@cdc.gov,2025-09-06T13:12:57.101441
github_112330991,GaTech-Fall2017-Wilmore-Breastfeeding-WeDidntStartTheFHIR,https://github.com/CDCgov/GaTech-Fall2017-Wilmore-Breastfeeding-WeDidntStartTheFHIR,CDC,cdcinfo@cdc.gov,2025-09-06T13:12:57.101442
github_112331083,GaTech-Fall2017-Goodman-HealthWeight-TeamScienceFreaks,https://github.com/CDCgov/GaTech-Fall2017-Goodman-HealthWeight-TeamScienceFreaks,CDC,cdcinfo@cdc.gov,2025-09-06T13:12:57.101444
github_112331152,GaTech-Fall2017-Duncan-BirthCerts-iHealth,https://github.com/CDCgov/GaTech-Fall2017-Duncan-BirthCerts-iHealth,CDC,cdcinfo@cdc.gov,2025-09-06T13:12:57.101445
github_112331233,GaTech-Fall2017-Davis-dohMPI-SPYNdoctors,https://github.com/CDCgov/GaTech-Fall2017-Davis-dohMPI-SPYNdoctors,CDC,cdcinfo@cdc.gov,2025-09-06T13:12:57.101446
github_112331306,GaTech-Fall2017-Newborn-FHIRFighters,https://github.com/CDCgov/GaTech-Fall2017-Newborn-FHIRFighters,CDC,cdcinfo@cdc.gov,2025-09-06T13:12:57.101447
github_113342590,MaRS,https://github.com/CDCgov/MaRS,CDC,cdcinfo@cdc.gov,2025-09-06T13:12:57.101449
github_114032924,SDP-Jenkins,https://github.com/CDCgov/SDP-Jenkins,CDC,cdcinfo@cdc.gov,2025-09-06T13:12:57.101450
github_115341513,artemis,https://github.com/CDCgov/artemis,CDC,cdcinfo@cdc.gov,2025-09-06T13:12:57.101451
github_118002255,National-Vital-Statistics-Mortality-Data,https://github.com/CDCgov/National-Vital-Statistics-Mortality-Data,CDC,cdcinfo@cdc.gov,2025-09-06T13:12:57.101452
github_120647850,AlignmentViewer,https://github.com/CDCgov/AlignmentViewer,CDC,cdcinfo@cdc.gov,2025-09-06T13:12:57.101454
github_120667970,tn93.js,https://github.com/CDCgov/tn93.js,CDC,cdcinfo@cdc.gov,2025-09-06T13:12:57.101455
github_123946786,idmp-sas-to-csv,https://github.com/CDCgov/idmp-sas-to-csv,CDC,cdcinfo@cdc.gov,2025-09-06T13:12:57.101456
github_125917035,Proximate,https://github.com/CDCgov/Proximate,CDC,cdcinfo@cdc.gov,2025-09-06T13:12:57.101457
github_127072480,Tools,https://github.com/CDCgov/Tools,CDC,cdcinfo@cdc.gov,2025-09-06T13:12:57.101459
github_127466902,blockchainTB,https://github.com/CDCgov/blockchainTB,CDC,cdcinfo@cdc.gov,2025-09-06T13:12:57.101460
github_127829232,fdns,https://github.com/CDCgov/fdns,CDC,cdcinfo@cdc.gov,2025-09-06T13:12:57.101461
github_127830226,fdns-ui-react,https://github.com/CDCgov/fdns-ui-react,CDC,cdcinfo@cdc.gov,2025-09-06T13:12:57.101462
github_127831016,fdns-js-sdk,https://github.com/CDCgov/fdns-js-sdk,CDC,cdcinfo@cdc.gov,2025-09-06T13:12:57.101464
github_127920394,fdns-java-sdk,https://github.com/CDCgov/fdns-java-sdk,CDC,cdcinfo@cdc.gov,2025-09-06T13:12:57.101465
github_127921922,fdns-rules-engine,https://github.com/CDCgov/fdns-rules-engine,CDC,cdcinfo@cdc.gov,2025-09-06T13:12:57.101466
github_127924518,fdns-ms-gateway,https://github.com/CDCgov/fdns-ms-gateway,CDC,cdcinfo@cdc.gov,2025-09-06T13:12:57.101468
github_127926616,fdns-ms-storage,https://github.com/CDCgov/fdns-ms-storage,CDC,cdcinfo@cdc.gov,2025-09-06T13:12:57.101469
github_127926990,fdns-ms-object,https://github.com/CDCgov/fdns-ms-object,CDC,cdcinfo@cdc.gov,2025-09-06T13:12:57.101470
github_127927314,fdns-ms-indexing,https://github.com/CDCgov/fdns-ms-indexing,CDC,cdcinfo@cdc.gov,2025-09-06T13:12:57.101471
github_127927547,fdns-ms-hl7-utils,https://github.com/CDCgov/fdns-ms-hl7-utils,CDC,cdcinfo@cdc.gov,2025-09-06T13:12:57.101473
github_127927978,fdns-ms-cda-utils,https://github.com/CDCgov/fdns-ms-cda-utils,CDC,cdcinfo@cdc.gov,2025-09-06T13:12:57.101474
github_127928557,fdns-ms-rules,https://github.com/CDCgov/fdns-ms-rules,CDC,cdcinfo@cdc.gov,2025-09-06T13:12:57.101475
github_127928311,fdns-ms-combiner,https://github.com/CDCgov/fdns-ms-combiner,CDC,cdcinfo@cdc.gov,2025-09-06T13:12:57.101476
github_128410584,springfox-swagger-ui,https://github.com/CDCgov/springfox-swagger-ui,CDC,cdcinfo@cdc.gov,2025-09-06T13:12:57.101477
github_129759748,maven-repository,https://github.com/CDCgov/maven-repository,CDC,cdcinfo@cdc.gov,2025-09-06T13:12:57.101479
github_144051286,opencdc,https://github.com/CDCgov/opencdc,CDC,cdcinfo@cdc.gov,2025-09-06T13:12:57.101480
github_138188002,Injury-Data-Management-Platform,https://github.com/CDCgov/Injury-Data-Management-Platform,CDC,cdcinfo@cdc.gov,2025-09-06T13:12:57.101481
github_144159786,fdns-ms-msft-utils,https://github.com/CDCgov/fdns-ms-msft-utils,CDC,cdcinfo@cdc.gov,2025-09-06T13:12:57.101483
github_144162590,fdns-ms-reporting,https://github.com/CDCgov/fdns-ms-reporting,CDC,cdcinfo@cdc.gov,2025-09-06T13:12:57.101484
github_144166070,fdns-ms-crypto,https://github.com/CDCgov/fdns-ms-crypto,CDC,cdcinfo@cdc.gov,2025-09-06T13:12:57.101485
github_144163530,fdns-ms-reporting-kafka,https://github.com/CDCgov/fdns-ms-reporting-kafka,CDC,cdcinfo@cdc.gov,2025-09-06T13:12:57.101486
github_147712660,fdns-kafka-library,https://github.com/CDCgov/fdns-kafka-library,CDC,cdcinfo@cdc.gov,2025-09-06T13:12:57.101488
github_151614792,hackathon2018,https://github.com/CDCgov/hackathon2018,CDC,cdcinfo@cdc.gov,2025-09-06T13:12:57.101489
github_155728063,ocp-sonarqube,https://github.com/CDCgov/ocp-sonarqube,CDC,cdcinfo@cdc.gov,2025-09-06T13:12:57.101490
github_155606570,ex-ui-hl7-combiner,https://github.com/CDCgov/ex-ui-hl7-combiner,CDC,cdcinfo@cdc.gov,2025-09-06T13:12:57.101491
github_155763308,jenkins-agent-sonarqube,https://github.com/CDCgov/jenkins-agent-sonarqube,CDC,cdcinfo@cdc.gov,2025-09-06T13:12:57.101493
github_156256050,docker-maven,https://github.com/CDCgov/docker-maven,CDC,cdcinfo@cdc.gov,2025-09-06T13:12:57.101494
github_157418014,ex-ui-datalake-dashboard,https://github.com/CDCgov/ex-ui-datalake-dashboard,CDC,cdcinfo@cdc.gov,2025-09-06T13:12:57.101496
github_157452844,fdns-ui-react-docs,https://github.com/CDCgov/fdns-ui-react-docs,CDC,cdcinfo@cdc.gov,2025-09-06T13:12:57.101497
github_160393749,patristic,https://github.com/CDCgov/patristic,CDC,cdcinfo@cdc.gov,2025-09-06T13:12:57.101498
github_160877085,fdns-ms-stubbing,https://github.com/CDCgov/fdns-ms-stubbing,CDC,cdcinfo@cdc.gov,2025-09-06T13:12:57.101499
github_161826709,fileto,https://github.com/CDCgov/fileto,CDC,cdcinfo@cdc.gov,2025-09-06T13:12:57.101501
github_162622583,ctf-terraform-examples,https://github.com/CDCgov/ctf-terraform-examples,CDC,cdcinfo@cdc.gov,2025-09-06T13:12:57.101502
github_164000008,SeqSpawnR,https://github.com/CDCgov/SeqSpawnR,CDC,cdcinfo@cdc.gov,2025-09-06T13:12:57.101503
github_165679686,TidyTree,https://github.com/CDCgov/TidyTree,CDC,cdcinfo@cdc.gov,2025-09-06T13:12:57.101504
github_166261171,TB_molecular_epidemiology,https://github.com/CDCgov/TB_molecular_epidemiology,CDC,cdcinfo@cdc.gov,2025-09-06T13:12:57.101506
github_174425699,s2i-ruby-vocab-builder,https://github.com/CDCgov/s2i-ruby-vocab-builder,CDC,cdcinfo@cdc.gov,2025-09-06T13:12:57.101507
github_176366504,MicrobeTraceShiny,https://github.com/CDCgov/MicrobeTraceShiny,CDC,cdcinfo@cdc.gov,2025-09-06T13:12:57.101508
github_176556803,geneflow,https://github.com/CDCgov/geneflow,CDC,oamdsupport@cdc.gov,2025-09-06T13:12:57.101509
github_181927392,Ocra,https://github.com/CDCgov/Ocra,CDC,cdcinfo@cdc.gov,2025-09-06T13:12:57.101511
github_183040147,CSV2FASTA,https://github.com/CDCgov/CSV2FASTA,CDC,cdcinfo@cdc.gov,2025-09-06T13:12:57.101512
github_186895335,MEBT,https://github.com/CDCgov/MEBT,CDC,cdcinfo@cdc.gov,2025-09-06T13:12:57.101513
github_188480648,ShinyGanttCharts,https://github.com/CDCgov/ShinyGanttCharts,CDC,cdcinfo@cdc.gov,2025-09-06T13:12:57.101515
github_191782837,DemographySpawnR,https://github.com/CDCgov/DemographySpawnR,CDC,cdcinfo@cdc.gov,2025-09-06T13:12:57.101516
github_197441876,Mia_publication,https://github.com/CDCgov/Mia_publication,CDC,cdcinfo@cdc.gov,2025-09-06T13:12:57.101517
github_199527601,TableMerger,https://github.com/CDCgov/TableMerger,CDC,cdcinfo@cdc.gov,2025-09-06T13:12:57.101518
github_201083970,HIVEntropy,https://github.com/CDCgov/HIVEntropy,CDC,cdcinfo@cdc.gov,2025-09-06T13:12:57.101520
github_203663902,SDP-MLaaS,https://github.com/CDCgov/SDP-MLaaS,CDC,cdcinfo@cdc.gov,2025-09-06T13:12:57.101521
github_204539619,CDC-Maps,https://github.com/CDCgov/CDC-Maps,Centers for Disease Control and Prevention (CDC),cdcinfo@cdc.gov,2025-09-06T13:12:57.101522
github_205909821,fdns-ui,https://github.com/CDCgov/fdns-ui,CDC,cdcinfo@cdc.gov,2025-09-06T13:12:57.101523
github_213400316,legionella_pneumophila_genomics,https://github.com/CDCgov/legionella_pneumophila_genomics,CDC,cdcinfo@cdc.gov,2025-09-06T13:12:57.101525
github_211335582,LpSubP,https://github.com/CDCgov/LpSubP,CDC,nej1@cdc.gov,2025-09-06T13:12:57.101526
github_228664490,cancer-report-validator,https://github.com/CDCgov/cancer-report-validator,CDC,cdcinfo@cdc.gov,2025-09-06T13:12:57.101527
github_244998478,legionella_pneumophila_genomics_speciesID,https://github.com/CDCgov/legionella_pneumophila_genomics_speciesID,CDC,cdcinfo@cdc.gov,2025-09-06T13:12:57.101528
github_248302467,SARS-CoV-2_Sequencing,https://github.com/CDCgov/SARS-CoV-2_Sequencing,CDC,cdcinfo@cdc.gov,2025-09-06T13:12:57.101529
github_250304890,covid19healthbot,https://github.com/CDCgov/covid19healthbot,CDC,cdcinfo@cdc.gov,2025-09-06T13:12:57.101531
github_250539055,SanitizeMe,https://github.com/CDCgov/SanitizeMe,CDC,cdcinfo@cdc.gov,2025-09-06T13:12:57.101532
github_250914302,phlip,https://github.com/CDCgov/phlip,CDC,cdcinfo@cdc.gov,2025-09-06T13:12:57.101533
github_252743536,SanitizeMePaired,https://github.com/CDCgov/SanitizeMePaired,CDC,cdcinfo@cdc.gov,2025-09-06T13:12:57.101535
github_253612359,phlip-backend,https://github.com/CDCgov/phlip-backend,CDC,cdcinfo@cdc.gov,2025-09-06T13:12:57.101536
github_253612722,phlip-doc-management,https://github.com/CDCgov/phlip-doc-management,CDC,cdcinfo@cdc.gov,2025-09-06T13:12:57.101537
github_253847207,geneflow-workflows,https://github.com/CDCgov/geneflow-workflows,CDC,oamdsupport@cdc.gov,2025-09-06T13:12:57.101538
github_275219660,BMGAP,https://github.com/CDCgov/BMGAP,CDC,psa8@cdc.gov,2025-09-06T13:12:57.101540
github_276180031,VitalConditions,https://github.com/CDCgov/VitalConditions,CDC,cdcinfo@cdc.gov,2025-09-06T13:12:57.101541
github_255801890,geneflow2,https://github.com/CDCgov/geneflow2,CDC,oamdsupport@cdc.gov,2025-09-06T13:12:57.101542
github_279927532,ITF_Power_BI,https://github.com/CDCgov/ITF_Power_BI,CDC,cdcinfo@cdc.gov,2025-09-06T13:12:57.101543
github_286899655,pivotable,https://github.com/CDCgov/pivotable,CDC,cdcinfo@cdc.gov,2025-09-06T13:12:57.101545
github_287166096,PhysicsTree,https://github.com/CDCgov/PhysicsTree,CDC,cdcinfo@cdc.gov,2025-09-06T13:12:57.101546
github_290035781,shinyMBA,https://github.com/CDCgov/shinyMBA,CDC,cdcinfo@cdc.gov,2025-09-06T13:12:57.101547
github_295502898,react-starter-kit,https://github.com/CDCgov/react-starter-kit,CDC,cdcinfo@cdc.gov,2025-09-06T13:12:57.101548
github_295747367,spheres-augur-build,https://github.com/CDCgov/spheres-augur-build,CDC,cdcinfo@cdc.gov,2025-09-06T13:12:57.101550
github_296676711,prime-central,https://github.com/CDCgov/prime-central,CDC,cdcinfo@cdc.gov,2025-09-06T13:12:57.101551
github_296446003,covid_case_privacy_review,https://github.com/CDCgov/covid_case_privacy_review,CDC,cdcinfo@cdc.gov,2025-09-06T13:12:57.101552
github_298623779,IMslide_1,https://github.com/CDCgov/IMslide_1,CDC,cdcinfo@cdc.gov,2025-09-06T13:12:57.101553
github_302056250,prime-data-input-api,https://github.com/CDCgov/prime-data-input-api,CDC,cdcinfo@cdc.gov,2025-09-06T13:12:57.101555
github_304019554,NeST-nf,https://github.com/CDCgov/NeST-nf,CDC,cdcinfo@cdc.gov,2025-09-06T13:12:57.101556
github_308319348,CDC_IIS_Open_Tools,https://github.com/CDCgov/CDC_IIS_Open_Tools,CDC,cdcinfo@cdc.gov,2025-09-06T13:12:57.101557
github_302387839,prime-simplereport,https://github.com/CDCgov/prime-simplereport,CDC,cdcinfo@cdc.gov,2025-09-06T13:12:57.101558
github_313684201,prime-simplereport-site,https://github.com/CDCgov/prime-simplereport-site,CDC,cdcinfo@cdc.gov,2025-09-06T13:12:57.101560
github_317977754,PartnersPortal,https://github.com/CDCgov/PartnersPortal,CDC,cdcinfo@cdc.gov,2025-09-06T13:12:57.101561
github_320370885,hie-automation-tests,https://github.com/CDCgov/hie-automation-tests,CDC,cdcinfo@cdc.gov,2025-09-06T13:12:57.101562
github_304423150,prime-reportstream,https://github.com/CDCgov/prime-reportstream,CDC,cdcinfo@cdc.gov,2025-09-06T13:12:57.101563
github_321693215,EPHTracking,https://github.com/CDCgov/EPHTracking,CDC,ephtrackingsupport@cdc.gov,2025-09-06T13:12:57.101565
github_332840655,legionella_pneumophila_SBT_analysis,https://github.com/CDCgov/legionella_pneumophila_SBT_analysis,CDC,JCaravas@cdc.gov,2025-09-06T13:12:57.101566
github_338117118,prime-field-teams,https://github.com/CDCgov/prime-field-teams,CDC,cdcinfo@cdc.gov,2025-09-06T13:12:57.101567
github_341231355,HantaNet,https://github.com/CDCgov/HantaNet,CDC,vrw7@cdc.gov,2025-09-06T13:12:57.101568
github_341255016,mycosnp-bwa-reference,https://github.com/CDCgov/mycosnp-bwa-reference,CDC,cdcinfo@cdc.gov,2025-09-06T13:12:57.101570
github_341940254,mycosnp,https://github.com/CDCgov/mycosnp,CDC,cdcinfo@cdc.gov,2025-09-06T13:12:57.101571
github_321410789,cdc-open-viz,https://github.com/CDCgov/cdc-open-viz,Centers for Disease Control and Prevention (CDC),imtech@cdc.gov,2025-09-06T13:12:57.101572
github_341990897,mycosnp-bwa-pre-process,https://github.com/CDCgov/mycosnp-bwa-pre-process,CDC,cdcinfo@cdc.gov,2025-09-06T13:12:57.101573
github_341995693,mycosnp-gatk-variants,https://github.com/CDCgov/mycosnp-gatk-variants,CDC,cdcinfo@cdc.gov,2025-09-06T13:12:57.101575
github_349191233,COVIDReportR_AShinyApp,https://github.com/CDCgov/COVIDReportR_AShinyApp,CDC,cdcinfo@cdc.gov,2025-09-06T13:12:57.101576
github_351215400,excessdeathsCOVID19,https://github.com/CDCgov/excessdeathsCOVID19,CDC,cdcinfo@cdc.gov,2025-09-06T13:12:57.101577
github_353803323,spheres-auspice-data,https://github.com/CDCgov/spheres-auspice-data,CDC,cdcinfo@cdc.gov,2025-09-06T13:12:57.101578
github_354079969,prime-devops,https://github.com/CDCgov/prime-devops,CDC,cdcinfo@cdc.gov,2025-09-06T13:12:57.101580
github_355589092,MicrobeTraceNext,https://github.com/CDCgov/MicrobeTraceNext,CDC,cdcinfo@cdc.gov,2025-09-06T13:12:57.101581
github_360220297,EPHTrackR,https://github.com/CDCgov/EPHTrackR,CDC,cdcinfo@cdc.gov,2025-09-06T13:12:57.101582
github_366784167,SARS-CoV-2_Genomic_Surveillance,https://github.com/CDCgov/SARS-CoV-2_Genomic_Surveillance,NCIRD/CORVD,shareit@cdc.gov,2025-09-06T13:12:57.101583
github_368284600,Predicting_TB_cluster_growth,https://github.com/CDCgov/Predicting_TB_cluster_growth,CDC,cdcinfo@cdc.gov,2025-09-06T13:12:57.101585
github_369309753,Rnssp,https://github.com/CDCgov/Rnssp,CDC,gazondekon@cdc.gov,2025-09-06T13:12:57.101586
github_369629308,Rnssp-rmd-templates,https://github.com/CDCgov/Rnssp-rmd-templates,CDC,gazondekon@cdc.gov,2025-09-06T13:12:57.101587
github_371114295,ncird_vsd_covid_vax_coverage_analysis,https://github.com/CDCgov/ncird_vsd_covid_vax_coverage_analysis,CDC,cdcinfo@cdc.gov,2025-09-06T13:12:57.101588
github_375824142,SARS-CoV-2-NAAT-and-Antigen-Testing-Algorithms,https://github.com/CDCgov/SARS-CoV-2-NAAT-and-Antigen-Testing-Algorithms,CDC,cdcinfo@cdc.gov,2025-09-06T13:12:57.101590
github_388128166,EPHTracking-Subcounty,https://github.com/CDCgov/EPHTracking-Subcounty,CDC,trackingsupport@cdc.gov,2025-09-06T13:12:57.101591
github_388241932,EPHTracking-RAD,https://github.com/CDCgov/EPHTracking-RAD,CDC,trackingsupport@cdc.gov,2025-09-06T13:12:57.101592
github_393077621,test,https://github.com/CDCgov/test,CDC,cdcinfo@cdc.gov,2025-09-06T13:12:57.101593
github_394393641,datasets-sars-cov-2,https://github.com/CDCgov/datasets-sars-cov-2,CDC,cdcinfo@cdc.gov,2025-09-06T13:12:57.101595
github_395325409,seqsender,https://github.com/CDCgov/seqsender,CDC,cdcinfo@cdc.gov,2025-09-06T13:12:57.101596
github_404357380,SARS-CoV-2_FRNTcalculations,https://github.com/CDCgov/SARS-CoV-2_FRNTcalculations,CDC,cdcinfo@cdc.gov,2025-09-06T13:12:57.101597
github_408822688,SaviR,https://github.com/CDCgov/SaviR,CDC,cdcinfo@cdc.gov,2025-09-06T13:12:57.101598
github_418965756,cs-sdk-dotnet,https://github.com/CDCgov/cs-sdk-dotnet,CDC,cdcinfo@cdc.gov,2025-09-06T13:12:57.101600
github_423854881,Monitoring_COVID-19_Outcomes_by_Vaccination_Status_with_Aggregate_Data,https://github.com/CDCgov/Monitoring_COVID-19_Outcomes_by_Vaccination_Status_with_Aggregate_Data,CDC,cdcinfo@cdc.gov,2025-09-06T13:12:57.101601
github_424355931,usa-sars-cov-2-nextstrain-sets,https://github.com/CDCgov/usa-sars-cov-2-nextstrain-sets,CDC,cdcinfo@cdc.gov,2025-09-06T13:12:57.101602
github_425183650,Rnssp-templates-docs,https://github.com/CDCgov/Rnssp-templates-docs,CDC,gazondekon@cdc.gov,2025-09-06T13:12:57.101603
github_429477950,SC2CLIA,https://github.com/CDCgov/SC2CLIA,CDC,cdcinfo@cdc.gov,2025-09-06T13:12:57.101605
github_433530109,adobeanalyticsr,https://github.com/CDCgov/adobeanalyticsr,CDC,cdcinfo@cdc.gov,2025-09-06T13:12:57.101606
github_436326007,Syphilis_Record_Search_and_Review_Algorithm,https://github.com/CDCgov/Syphilis_Record_Search_and_Review_Algorithm,CDC,SKarki@cdc.gov,2025-09-06T13:12:57.101607
github_437122952,prime-public-health-data-infrastructure,https://github.com/CDCgov/prime-public-health-data-infrastructure,CDC,cdcinfo@cdc.gov,2025-09-06T13:12:57.101608
github_442489541,cdh-lava-react,https://github.com/CDCgov/cdh-lava-react,CDC,cdcinfo@cdc.gov,2025-09-06T13:12:57.101610
github_446868427,Opioid_SUD_MHI_MedCodes,https://github.com/CDCgov/Opioid_SUD_MHI_MedCodes,CDC,NAdams2@cdc.gov,2025-09-06T13:12:57.101611
github_446869880,Opioid_Involvement_NLP,https://github.com/CDCgov/Opioid_Involvement_NLP,CDC,NAdams2@cdc.gov,2025-09-06T13:12:57.101612
github_446870504,SUD_MHI_NLP,https://github.com/CDCgov/SUD_MHI_NLP,CDC,NAdams2@cdc.gov,2025-09-06T13:12:57.101613
github_450216594,covid19_county_source_documentation,https://github.com/CDCgov/covid19_county_source_documentation,CDC,cdcinfo@cdc.gov,2025-09-06T13:12:57.101615
github_451594277,mashwrapper,https://github.com/CDCgov/mashwrapper,CDC/NCIRD/DBB/RDB/PSLB,jhamlin@cdc.gov,2025-09-06T13:12:57.101616
github_452322434,WDPB_CDS_PHL_Tools,https://github.com/CDCgov/WDPB_CDS_PHL_Tools,CDC,ncezid_shareit@cdc.gov,2025-09-06T13:12:57.101617
github_463211522,mycosnp-nf,https://github.com/CDCgov/mycosnp-nf,CDC,cdcinfo@cdc.gov,2025-09-06T13:12:57.101619
github_480596780,Malaria_Branch,https://github.com/CDCgov/Malaria_Branch,CDC,omp2@cdc.gov,2025-09-06T13:12:57.101620
github_482899938,covid_community_testing_sites,https://github.com/CDCgov/covid_community_testing_sites,CDC,cdcinfo@cdc.gov,2025-09-06T13:12:57.101621
github_486259493,spnpipe-nf,https://github.com/CDCgov/spnpipe-nf,CDC,cdcinfo@cdc.gov,2025-09-06T13:12:57.101623
github_490844937,phoenix,https://github.com/CDCgov/phoenix,CDC,cdcinfo@cdc.gov,2025-09-06T13:12:57.101624
github_491100488,ITF-Dashboard,https://github.com/CDCgov/ITF-Dashboard,CDC,cdcinfo@cdc.gov,2025-09-06T13:12:57.101625
github_492985261,pregnancycovidseverity,https://github.com/CDCgov/pregnancycovidseverity,CDC,cdcinfo@cdc.gov,2025-09-06T13:12:57.101626
github_495952049,ngsqi-IMTool,https://github.com/CDCgov/ngsqi-IMTool,CDC,cdcinfo@cdc.gov,2025-09-06T13:12:57.101628
github_500926872,nncc,https://github.com/CDCgov/nncc,CDC,lue7@cdc.gov,2025-09-06T13:12:57.101629
github_502187463,SAG_JSM,https://github.com/CDCgov/SAG_JSM,CDC,SAG-Leadership@cdc.gov,2025-09-06T13:12:57.101630
github_509478762,hl7-pet,https://github.com/CDCgov/hl7-pet,CDC,cdcinfo@cdc.gov,2025-09-06T13:12:57.101631
github_510835938,data-exchange,https://github.com/CDCgov/data-exchange,CDC,cdcinfo@cdc.gov,2025-09-06T13:12:57.101632
github_510836637,data-exchange-fhir,https://github.com/CDCgov/data-exchange-fhir,CDC,cdcinfo@cdc.gov,2025-09-06T13:12:57.101634
github_510836864,data-exchange-hl7,https://github.com/CDCgov/data-exchange-hl7,CDC,cdcinfo@cdc.gov,2025-09-06T13:12:57.101635
github_511155899,Crypto_gp60_Subtyping_Tool,https://github.com/CDCgov/Crypto_gp60_Subtyping_Tool,CDC,SMorrison@cdc.gov;ncezid_shareit@cdc.gov;qxu0@cdc.gov,2025-09-06T13:12:57.101636
github_512797004,savimpx,https://github.com/CDCgov/savimpx,CDC,cdcinfo@cdc.gov,2025-09-06T13:12:57.101638
github_515249229,EPHTracking-XMLGenerator,https://github.com/CDCgov/EPHTracking-XMLGenerator,CDC,cdcinfo@cdc.gov,2025-09-06T13:12:57.101639
github_518184686,phdi-google-cloud,https://github.com/CDCgov/phdi-google-cloud,CDC,cdcinfo@cdc.gov,2025-09-06T13:12:57.101640
github_520642096,tick_surveillance,https://github.com/CDCgov/tick_surveillance,CDC,cdcinfo@cdc.gov,2025-09-06T13:12:57.101641
github_523448951,operation-allies-welcome-measles,https://github.com/CDCgov/operation-allies-welcome-measles,CDC,cdcinfo@cdc.gov,2025-09-06T13:12:57.101643
github_522592754,tostadas,https://github.com/CDCgov/tostadas,CDC,ncezid_shareit@cdc.gov,2025-09-06T13:12:57.101644
github_525403357,NoroSurv,https://github.com/CDCgov/NoroSurv,CDC,cdcinfo@cdc.gov,2025-09-06T13:12:57.101645
github_525476111,data-exchange-upload,https://github.com/CDCgov/data-exchange-upload,CDC,cdcinfo@cdc.gov,2025-09-06T13:12:57.101646
github_528095194,mpx_networkmodel_mmwr,https://github.com/CDCgov/mpx_networkmodel_mmwr,CDC,cdcinfo@cdc.gov,2025-09-06T13:12:57.101648
github_525478226,tn93,https://github.com/CDCgov/tn93,CDC,cdcinfo@cdc.gov,2025-09-06T13:12:57.101649
github_531542553,NEDSS-Modernization,https://github.com/CDCgov/NEDSS-Modernization,CDC,cdcinfo@cdc.gov,2025-09-06T13:12:57.101650
github_531542898,NEDSS-AcceptanceTests,https://github.com/CDCgov/NEDSS-AcceptanceTests,CDC,cdcinfo@cdc.gov,2025-09-06T13:12:57.101651
github_542656251,phdi-azure,https://github.com/CDCgov/phdi-azure,CDC,cdcinfo@cdc.gov,2025-09-06T13:12:57.101653
github_542774795,trusted-intermediary,https://github.com/CDCgov/trusted-intermediary,CDC,cdcinfo@cdc.gov,2025-09-06T13:12:57.101654
github_545102940,dibbs-site,https://github.com/CDCgov/dibbs-site,CDC,cdcinfo@cdc.gov,2025-09-06T13:12:57.101655
github_561390806,.github,https://github.com/CDCgov/.github,CDC,cdcinfo@cdc.gov,2025-09-06T13:12:57.101656
github_562911208,data-exchange-hl7-dbx,https://github.com/CDCgov/data-exchange-hl7-dbx,CDC,cdcinfo@cdc.gov,2025-09-06T13:12:57.101658
github_564024396,varpipe_wgs,https://github.com/CDCgov/varpipe_wgs,CDC,cdcinfo@cdc.gov,2025-09-06T13:12:57.101659
github_567794112,NCBS,https://github.com/CDCgov/NCBS,CDC,cdcinfo@cdc.gov,2025-09-06T13:12:57.101660
github_572624990,data-exchange-portal,https://github.com/CDCgov/data-exchange-portal,CDC,cdcinfo@cdc.gov,2025-09-06T13:12:57.101662
github_572625392,data-exchange-validation-csv,https://github.com/CDCgov/data-exchange-validation-csv,CDC,cdcinfo@cdc.gov,2025-09-06T13:12:57.101663
github_572625773,data-exchange-validation-xml,https://github.com/CDCgov/data-exchange-validation-xml,CDC,cdcinfo@cdc.gov,2025-09-06T13:12:57.101664
github_578723537,snpeffr,https://github.com/CDCgov/snpeffr,CDC,cdcinfo@cdc.gov,2025-09-06T13:12:57.101665
github_579119298,NCHHSTP-DTBE-Varpipe-WGS,https://github.com/CDCgov/NCHHSTP-DTBE-Varpipe-WGS,"National Center for HIV, Viral Hepatitis, STD, and TB Prevention (NCHHSTP)",cdcinfo@cdc.gov,2025-09-06T13:12:57.101667
github_580074042,NEDSS-DataIngestion,https://github.com/CDCgov/NEDSS-DataIngestion,CDC,cdcinfo@cdc.gov,2025-09-06T13:12:57.101668
github_580074915,NEDSS-DataIngestionSandbox,https://github.com/CDCgov/NEDSS-DataIngestionSandbox,CDC,cdcinfo@cdc.gov,2025-09-06T13:12:57.101669
github_587825791,EpiSync,https://github.com/CDCgov/EpiSync,CDC,cdcinfo@cdc.gov,2025-09-06T13:12:57.101670
github_588295576,flu-vaccine-model,https://github.com/CDCgov/flu-vaccine-model,CDC,run7@cdc.gov;zmo2@cdc.gov,2025-09-06T13:12:57.101672
github_590625739,prime-kotlin-tsgenerator-plugin,https://github.com/CDCgov/prime-kotlin-tsgenerator-plugin,CDC,cdcinfo@cdc.gov,2025-09-06T13:12:57.101673
github_596196899,NEDSS-BusinessProcessManagement-Core,https://github.com/CDCgov/NEDSS-BusinessProcessManagement-Core,CDC,cdcinfo@cdc.gov,2025-09-06T13:12:57.101674
github_598207759,pynssp,https://github.com/CDCgov/pynssp,CDC,gazondekon@cdc.gov,2025-09-06T13:12:57.101675
github_598778976,SeqRuler,https://github.com/CDCgov/SeqRuler,CDC,cdcinfo@cdc.gov,2025-09-06T13:12:57.101677
github_599166991,power-bi-team-org-chart,https://github.com/CDCgov/power-bi-team-org-chart,CDC,cdcinfo@cdc.gov,2025-09-06T13:12:57.101678
github_599149379,PASS,https://github.com/CDCgov/PASS,CDC,cdcinfo@cdc.gov,2025-09-06T13:12:57.101679
github_600135178,data-exchange-api-examples,https://github.com/CDCgov/data-exchange-api-examples,CDC,cdcinfo@cdc.gov,2025-09-06T13:12:57.101681
github_602152924,prime-fhir-converter,https://github.com/CDCgov/prime-fhir-converter,CDC,cdcinfo@cdc.gov,2025-09-06T13:12:57.101682
github_610979613,NEDSS-Workflows,https://github.com/CDCgov/NEDSS-Workflows,CDC,cdcinfo@cdc.gov,2025-09-06T13:12:57.101683
github_610982867,NWSS,https://github.com/CDCgov/NWSS,CDC,nwss@cdc.gov,2025-09-06T13:12:57.101684
github_619866272,MIRA,https://github.com/CDCgov/MIRA,CDC,cdcinfo@cdc.gov,2025-09-06T13:12:57.101686
github_620491192,spyne,https://github.com/CDCgov/spyne,CDC,cdcinfo@cdc.gov,2025-09-06T13:12:57.101687
github_620518637,dstdp_dashboards,https://github.com/CDCgov/dstdp_dashboards,CDC,cdcinfo@cdc.gov,2025-09-06T13:12:57.101688
github_624039746,NEDSS-EpiSync,https://github.com/CDCgov/NEDSS-EpiSync,CDC,cdcinfo@cdc.gov,2025-09-06T13:12:57.101689
github_632507000,TES_Toolkit,https://github.com/CDCgov/TES_Toolkit,CDC,cdcinfo@cdc.gov,2025-09-06T13:12:57.101691
github_629187237,NEDSS-Helm,https://github.com/CDCgov/NEDSS-Helm,CDC,cdcinfo@cdc.gov,2025-09-06T13:12:57.101692
github_642472692,data-exchange-routing,https://github.com/CDCgov/data-exchange-routing,CDC,cdcinfo@cdc.gov,2025-09-06T13:12:57.101693
github_644585754,NEDSS-DataAccess,https://github.com/CDCgov/NEDSS-DataAccess,CDC,cdcinfo@cdc.gov,2025-09-06T13:12:57.101695
github_647819744,SET-NET,https://github.com/CDCgov/SET-NET,CDC,cdcinfo@cdc.gov,2025-09-06T13:12:57.101696
github_656347766,aquascope,https://github.com/CDCgov/aquascope,CDC,cdcinfo@cdc.gov,2025-09-06T13:12:57.101697
github_661780519,Rnssp-shiny-apps,https://github.com/CDCgov/Rnssp-shiny-apps,CDC,gazondekon@cdc.gov,2025-09-06T13:12:57.101698
github_666100633,cdc-react,https://github.com/CDCgov/cdc-react,Centers for Disease Control and Prevention (CDC),cdcinfo@cdc.gov,2025-09-06T13:12:57.101699
github_668347657,NEDSS-DataIngestion-CLI,https://github.com/CDCgov/NEDSS-DataIngestion-CLI,CDC,cdcinfo@cdc.gov,2025-09-06T13:12:57.101701
github_673832096,cdc-data-pipeline,https://github.com/CDCgov/cdc-data-pipeline,Centers for Disease Control and Prevention (CDC),cdcinfo@cdc.gov,2025-09-06T13:12:57.101702
github_670179987,phdi-charts,https://github.com/CDCgov/phdi-charts,CDC,cdcinfo@cdc.gov,2025-09-06T13:12:57.101703
github_673835396,digital-marketplace,https://github.com/CDCgov/digital-marketplace,CDC,cdcinfo@cdc.gov,2025-09-06T13:12:57.101705
github_677136154,llv4,https://github.com/CDCgov/llv4,CDC,cdcinfo@cdc.gov,2025-09-06T13:12:57.101706
github_678565584,phdi-playground,https://github.com/CDCgov/phdi-playground,CDC,cdcinfo@cdc.gov,2025-09-06T13:12:57.101707
github_678829247,nchs-dqs,https://github.com/CDCgov/nchs-dqs,National Center for Health Statistics (NCHS),rlv1@cdc.gov;zyx8@cdc.gov,2025-09-06T13:12:57.101708
github_679331917,PASS-Python,https://github.com/CDCgov/PASS-Python,CDC,cdcinfo@cdc.gov,2025-09-06T13:12:57.101710
github_679240337,NEDSS-Infrastructure,https://github.com/CDCgov/NEDSS-Infrastructure,CDC,cdcinfo@cdc.gov,2025-09-06T13:12:57.101711
github_679761337,data-exchange-processing-status,https://github.com/CDCgov/data-exchange-processing-status,CDC,cdcinfo@cdc.gov,2025-09-06T13:12:57.101712
github_682734326,CFA,https://github.com/CDCgov/CFA,CDC,cdcinfo@cdc.gov,2025-09-06T13:12:57.101713
github_683040710,data-exchange-fhir-tools,https://github.com/CDCgov/data-exchange-fhir-tools,CDC,cdcinfo@cdc.gov,2025-09-06T13:12:57.101715
github_699497661,DynODE,https://github.com/CDCgov/DynODE,CDC,tjk3@cdc.gov;upi8@cdc.gov;utx5@cdc.gov;uva5@cdc.gov,2025-09-06T13:12:57.101716
github_710541845,polkapox,https://github.com/CDCgov/polkapox,CDC,ncezid_shareit@cdc.gov,2025-09-06T13:12:57.101717
github_712438977,flu-nursing-home-model,https://github.com/CDCgov/flu-nursing-home-model,CDC,run7@cdc.gov;ruv5@cdc.gov,2025-09-06T13:12:57.101719
github_713460671,nchsdata,https://github.com/CDCgov/nchsdata,CDC,cdcinfo@cdc.gov,2025-09-06T13:12:57.101720
github_712909605,surveytable,https://github.com/CDCgov/surveytable,CDC,cdcinfo@cdc.gov,2025-09-06T13:12:57.101721
github_713461812,importsurvey,https://github.com/CDCgov/importsurvey,CDC,cdcinfo@cdc.gov,2025-09-06T13:12:57.101722
github_713601640,data-exchange-csv,https://github.com/CDCgov/data-exchange-csv,CDC,cdcinfo@cdc.gov,2025-09-06T13:12:57.101724
github_721299973,WDPB_EMEL,https://github.com/CDCgov/WDPB_EMEL,CDC,cdcinfo@cdc.gov,2025-09-06T13:12:57.101725
github_721302470,bpertussis-ciwgs,https://github.com/CDCgov/bpertussis-ciwgs,CDC,cdcinfo@cdc.gov,2025-09-06T13:12:57.101726
github_740692964,dibbs-cloud,https://github.com/CDCgov/dibbs-cloud,CDC,cdcinfo@cdc.gov,2025-09-06T13:12:57.101727
github_740538108,VaccinePriceList,https://github.com/CDCgov/VaccinePriceList,CDC,wqm6@cdc.gov,2025-09-06T13:12:57.101729
github_744697768,wastewater-informed-covid-forecasting,https://github.com/CDCgov/wastewater-informed-covid-forecasting,CDC,cdcinfo@cdc.gov,2025-09-06T13:12:57.101730
github_748408575,geocoding,https://github.com/CDCgov/geocoding,CDC,cdcinfo@cdc.gov,2025-09-06T13:12:57.101731
github_753129916,Rt-without-renewal,https://github.com/CDCgov/Rt-without-renewal,CDC,cdcinfo@cdc.gov,2025-09-06T13:12:57.101733
github_758036456,PyRenew,https://github.com/CDCgov/PyRenew,CDC,cdcinfo@cdc.gov,2025-09-06T13:12:57.101734
github_764831793,ReportVision,https://github.com/CDCgov/ReportVision,CDC,cdcinfo@cdc.gov,2025-09-06T13:12:57.101735
github_768086274,cfa_azure,https://github.com/CDCgov/cfa_azure,CDC,cdcinfo@cdc.gov,2025-09-06T13:12:57.101737
github_771115340,WDPB_CryptoSSU,https://github.com/CDCgov/WDPB_CryptoSSU,CDC,ncezid_shareit@cdc.gov,2025-09-06T13:12:57.101738
github_773923706,rmeta,https://github.com/CDCgov/rmeta,CDC,cdcinfo@cdc.gov,2025-09-06T13:12:57.101739
github_777319418,Rnssp-wasm,https://github.com/CDCgov/Rnssp-wasm,CDC,gazondekon@cdc.gov,2025-09-06T13:12:57.101740
github_780943001,WDPB_CryptoSSUdata,https://github.com/CDCgov/WDPB_CryptoSSUdata,"Division of Foodborne Waterborne and Environmental Diseases, WDPB",ncezid_shareit@cdc.gov,2025-09-06T13:12:57.101742
github_781992228,vvpdb-ngs-tools,https://github.com/CDCgov/vvpdb-ngs-tools,CDC,cdcinfo@cdc.gov,2025-09-06T13:12:57.101743
github_783171274,dibbs-aws,https://github.com/CDCgov/dibbs-aws,CDC,cdcinfo@cdc.gov,2025-09-06T13:12:57.101744
github_787449026,measles-model-chicago-2024,https://github.com/CDCgov/measles-model-chicago-2024,CDC,ulp7@cdc.gov,2025-09-06T13:12:57.101745
github_787459181,CDC-Data-Reconciliation-Tool,https://github.com/CDCgov/CDC-Data-Reconciliation-Tool,Centers for Disease Control and Prevention (CDC),cdcinfo@cdc.gov,2025-09-06T13:12:57.101747
github_788468642,forecasttools,https://github.com/CDCgov/forecasttools,CDC,dzl1@cdc.gov,2025-09-06T13:12:57.101748
github_788469112,forecasttools-py,https://github.com/CDCgov/forecasttools-py,CDC,cdcinfo@cdc.gov,2025-09-06T13:12:57.101749
github_788470549,novel-flu-detection,https://github.com/CDCgov/novel-flu-detection,CDC,run7@cdc.gov,2025-09-06T13:12:57.101751
github_794112768,data-exchange-event-sync,https://github.com/CDCgov/data-exchange-event-sync,CDC,cdcinfo@cdc.gov,2025-09-06T13:12:57.101752
github_794114188,cfa-gam-rt,https://github.com/CDCgov/cfa-gam-rt,Center for Forecasting and Outbreak Analytics (CFA),cdcinfo@cdc.gov,2025-09-06T13:12:57.101753
github_796891586,vaccines-for-children-dashboard,https://github.com/CDCgov/vaccines-for-children-dashboard,CDC,cdcinfo@cdc.gov,2025-09-06T13:12:57.101754
github_797356257,phinvads-go,https://github.com/CDCgov/phinvads-go,CDC,cdcinfo@cdc.gov,2025-09-06T13:12:57.101756
github_800616274,reportstream-sftp-ingestion,https://github.com/CDCgov/reportstream-sftp-ingestion,CDC,cdcinfo@cdc.gov,2025-09-06T13:12:57.101757
github_800642990,cladecombiner,https://github.com/CDCgov/cladecombiner,CDC,cdcinfo@cdc.gov,2025-09-06T13:12:57.101758
github_800654815,machine-learning-influenza-ferret-model,https://github.com/CDCgov/machine-learning-influenza-ferret-model,CDC,cdcinfo@cdc.gov,2025-09-06T13:12:57.101760
github_803066252,editMSA,https://github.com/CDCgov/editMSA,CDC,3cvfn4@cdc.gov;vfn4@cdc.gov,2025-09-06T13:12:57.101761
github_805466908,data-exchange-messages,https://github.com/CDCgov/data-exchange-messages,CDC,cdcinfo@cdc.gov,2025-09-06T13:12:57.101762
github_805487872,cfa-viral-lineage-model,https://github.com/CDCgov/cfa-viral-lineage-model,Center for Forecasting and Outbreak Analytics (CFA),cdcinfo@cdc.gov,2025-09-06T13:12:57.101764
github_805529241,OCIO-DEX-FHIR,https://github.com/CDCgov/OCIO-DEX-FHIR,Office of the Chief Information Officer (OCIO),cdcinfo@cdc.gov,2025-09-06T13:12:57.101765
github_812010076,AMDTower_userguides,https://github.com/CDCgov/AMDTower_userguides,CDC,cdcinfo@cdc.gov,2025-09-06T13:12:57.101766
github_812012972,AMDTower_demo,https://github.com/CDCgov/AMDTower_demo,CDC,cdcinfo@cdc.gov,2025-09-06T13:12:57.101767
github_814207083,MycoGene,https://github.com/CDCgov/MycoGene,CDC,cdcinfo@cdc.gov,2025-09-06T13:12:57.101769
github_817525628,pygriddler,https://github.com/CDCgov/pygriddler,CDC,ulp7@cdc.gov,2025-09-06T13:12:57.101770
github_817790916,cfa-respnet-nowcasting-daily,https://github.com/CDCgov/cfa-respnet-nowcasting-daily,Center for Forecasting and Outbreak Analytics (CFA),cdcinfo@cdc.gov,2025-09-06T13:12:57.101771
github_820071157,ww-inference-model,https://github.com/CDCgov/ww-inference-model,CDC,cdcinfo@cdc.gov,2025-09-06T13:12:57.101772
github_820116818,cfa-uw-modeling,https://github.com/CDCgov/cfa-uw-modeling,Center for Forecasting and Outbreak Analytics (CFA),ruu7@cdc.gov,2025-09-06T13:12:57.101774
github_820618468,BART-Survival,https://github.com/CDCgov/BART-Survival,CDC,cdcinfo@cdc.gov,2025-09-06T13:12:57.101775
github_821522367,NEDSS-DataReporting,https://github.com/CDCgov/NEDSS-DataReporting,CDC,cdcinfo@cdc.gov,2025-09-06T13:12:57.101776
github_822954514,ifx-convert,https://github.com/CDCgov/ifx-convert,CDC,vfn4@cdc.gov,2025-09-06T13:12:57.101777
github_823812730,eMKF,https://github.com/CDCgov/eMKF,CDC,cdcinfo@cdc.gov,2025-09-06T13:12:57.101778
github_823834340,spatialwwinference,https://github.com/CDCgov/spatialwwinference,CDC,cdcinfo@cdc.gov,2025-09-06T13:12:57.101780
github_824730272,cfa-epimodel-training,https://github.com/CDCgov/cfa-epimodel-training,Center for Forecasting and Outbreak Analytics (CFA),cdcinfo@cdc.gov,2025-09-06T13:12:57.101781
github_824732984,covid-generation_time-us,https://github.com/CDCgov/covid-generation_time-us,CDC,LouisChan@cdc.gov,2025-09-06T13:12:57.101782
github_824732251,influenza-generation_time-us,https://github.com/CDCgov/influenza-generation_time-us,CDC,LouisChan@cdc.gov,2025-09-06T13:12:57.101783
github_825848801,data-exchange-dbx,https://github.com/CDCgov/data-exchange-dbx,CDC,cdcinfo@cdc.gov,2025-09-06T13:12:57.101785
github_826314045,vapintr,https://github.com/CDCgov/vapintr,CDC,cdcinfo@cdc.gov,2025-09-06T13:12:57.101786
github_827962253,udf-bioutils,https://github.com/CDCgov/udf-bioutils,CDC,3cvfn4@cdc.gov;vfn4@cdc.gov,2025-09-06T13:12:57.101787
github_830092138,stimulant_opioid_algorithm_clinical_notes,https://github.com/CDCgov/stimulant_opioid_algorithm_clinical_notes,CDC,nadams2@cdc.gov,2025-09-06T13:12:57.101789
github_830093462,stimulant_opioid_algorithm_medical_codes_SAS,https://github.com/CDCgov/stimulant_opioid_algorithm_medical_codes_SAS,CDC,sse6@cdc.gov,2025-09-06T13:12:57.101790
github_830094654,stimulant_opioid_algorithm_medical_codes_R,https://github.com/CDCgov/stimulant_opioid_algorithm_medical_codes_R,CDC,sse6@cdc.gov,2025-09-06T13:12:57.101791
github_830163501,dstdp-cargos,https://github.com/CDCgov/dstdp-cargos,CDC,cdcinfo@cdc.gov,2025-09-06T13:12:57.101792
github_830175927,NEDSS-NNDSS,https://github.com/CDCgov/NEDSS-NNDSS,CDC,cdcinfo@cdc.gov,2025-09-06T13:12:57.101794
github_831079093,ixa,https://github.com/CDCgov/ixa,CDC,cdcinfo@cdc.gov,2025-09-06T13:12:57.101795
github_831108913,fhir-validator,https://github.com/CDCgov/fhir-validator,CDC,cdcinfo@cdc.gov,2025-09-06T13:12:57.101796
github_832252150,childhood-immunization-demand-calculator,https://github.com/CDCgov/childhood-immunization-demand-calculator,CDC,ulp7@cdc.gov;usn4@cdc.gov,2025-09-06T13:12:57.101797
github_833278066,PHFIC-Public-Health-FHIR-Implementation-Collaborative,https://github.com/CDCgov/PHFIC-Public-Health-FHIR-Implementation-Collaborative,CDC,cdcinfo@cdc.gov,2025-09-06T13:12:57.101799
github_833281103,dibbs-azure,https://github.com/CDCgov/dibbs-azure,CDC,cdcinfo@cdc.gov,2025-09-06T13:12:57.101802
github_837375606,cfa-epinow2-pipeline,https://github.com/CDCgov/cfa-epinow2-pipeline,Center for Forecasting and Outbreak Analytics (CFA),cdcinfo@cdc.gov,2025-09-06T13:12:57.101803
github_838861449,lib-hl7v2-nist-validator,https://github.com/CDCgov/lib-hl7v2-nist-validator,CDC,cdcinfo@cdc.gov,2025-09-06T13:12:57.101804
github_838863133,lib-hl7v2-bumblebee,https://github.com/CDCgov/lib-hl7v2-bumblebee,CDC,cdcinfo@cdc.gov,2025-09-06T13:12:57.101806
github_838863317,lib-cloud-proxy,https://github.com/CDCgov/lib-cloud-proxy,CDC,cdcinfo@cdc.gov,2025-09-06T13:12:57.101807
github_838863486,hl7v2-processes-rest,https://github.com/CDCgov/hl7v2-processes-rest,CDC,cdcinfo@cdc.gov,2025-09-06T13:12:57.101808
github_840012811,vivli-amr-dashboard,https://github.com/CDCgov/vivli-amr-dashboard,CDC,cdcinfo@cdc.gov,2025-09-06T13:12:57.101809
github_840014210,histo_svi_smithetal_2024,https://github.com/CDCgov/histo_svi_smithetal_2024,CDC,cdcinfo@cdc.gov,2025-09-06T13:12:57.101811
github_842648136,dibbs-product-demos,https://github.com/CDCgov/dibbs-product-demos,CDC,cdcinfo@cdc.gov,2025-09-06T13:12:57.101812
github_841586823,cfazuR,https://github.com/CDCgov/cfazuR,CDC,pyv3@cdc.gov;uep6@cdc.gov;utb2@cdc.gov;ute2@cdc.gov,2025-09-06T13:12:57.101813
github_842668812,ocio-fortify-test,https://github.com/CDCgov/ocio-fortify-test,Office of the Chief Information Officer (OCIO),SoftwareAssurance@cdc.gov,2025-09-06T13:12:57.101814
github_844767997,pyrenew-hew,https://github.com/CDCgov/pyrenew-hew,CDC,cdcinfo@cdc.gov,2025-09-06T13:12:57.101816
github_845141968,pvivax_ampliseq_analysis,https://github.com/CDCgov/pvivax_ampliseq_analysis,NCEZID,malarialab@cdc.gov;ncezid_shareit@cdc.gov;nsk9@cdc.gov;quh7@cdc.gov,2025-09-06T13:12:57.101817
github_845069000,pyrenew-flu-light,https://github.com/CDCgov/pyrenew-flu-light,CDC,cdcinfo@cdc.gov,2025-09-06T13:12:57.101818
github_845148607,MIRA-NF,https://github.com/CDCgov/MIRA-NF,CDC,cdcinfo@cdc.gov,2025-09-06T13:12:57.101819
github_849947088,STARC,https://github.com/CDCgov/STARC,CDC,cdcinfo@cdc.gov,2025-09-06T13:12:57.101821
github_853045146,MTNAP,https://github.com/CDCgov/MTNAP,CDC,cdcinfo@cdc.gov,2025-09-06T13:12:57.101822
github_852294306,RecordLinker,https://github.com/CDCgov/RecordLinker,CDC,cdcinfo@cdc.gov,2025-09-06T13:12:57.101823
github_853048310,cfa-config-validation,https://github.com/CDCgov/cfa-config-validation,Center for Forecasting and Outbreak Analytics (CFA),cdcinfo@cdc.gov,2025-09-06T13:12:57.101824
github_854749786,sbt-maven-test,https://github.com/CDCgov/sbt-maven-test,CDC,cdcinfo@cdc.gov,2025-09-06T13:12:57.101827
github_854829418,dibbs-vm,https://github.com/CDCgov/dibbs-vm,CDC,cdcinfo@cdc.gov,2025-09-06T13:12:57.101829
github_855378569,nhsnlink,https://github.com/CDCgov/nhsnlink,Division of Healthcare Quality Promotion (DHQP),ncezid_shareit@cdc.gov,2025-09-06T13:12:57.101830
github_855836489,lib-cloud-proxy-go,https://github.com/CDCgov/lib-cloud-proxy-go,CDC,cdcinfo@cdc.gov,2025-09-06T13:12:57.101831
github_855850795,FoodNetTrends,https://github.com/CDCgov/FoodNetTrends,CDC,cdcinfo@cdc.gov,2025-09-06T13:12:57.101832
github_858765192,cfa-immunization-uptake-projection,https://github.com/CDCgov/cfa-immunization-uptake-projection,Center for Forecasting and Outbreak Analytics (CFA),tec0@cdc.gov,2025-09-06T13:12:57.101834
github_858995772,covid19-forecast-hub,https://github.com/CDCgov/covid19-forecast-hub,CDC,covidhub@cdc.gov,2025-09-06T13:12:57.101835
github_859417265,abc-calibration-tools,https://github.com/CDCgov/abc-calibration-tools,CDC,AD71@cdc.gov,2025-09-06T13:12:57.101836
github_859561045,griddleR,https://github.com/CDCgov/griddleR,CDC,ulp7@cdc.gov,2025-09-06T13:12:57.101838
github_865587740,RSTr,https://github.com/CDCgov/RSTr,CDC,cdcinfo@cdc.gov,2025-09-06T13:12:57.101839
github_866116049,nbbp,https://github.com/CDCgov/nbbp,CDC,cdcinfo@cdc.gov,2025-09-06T13:12:57.101840
github_867126565,cfa-actions,https://github.com/CDCgov/cfa-actions,Center for Forecasting and Outbreak Analytics (CFA),cdcinfo@cdc.gov,2025-09-06T13:12:57.101841
github_867265580,WaterGLASS,https://github.com/CDCgov/WaterGLASS,CDC,cdcinfo@cdc.gov,2025-09-06T13:12:57.101843
github_869079285,NCHHSTP-DHP-DRB-Transmission-Burst-Analysis,https://github.com/CDCgov/NCHHSTP-DHP-DRB-Transmission-Burst-Analysis,"National Center for HIV, Viral Hepatitis, STD, and TB Prevention (NCHHSTP)",cdcinfo@cdc.gov,2025-09-06T13:12:57.101844
github_870213244,cfa-rt-postprocessing,https://github.com/CDCgov/cfa-rt-postprocessing,Center for Forecasting and Outbreak Analytics (CFA),uep6@cdc.gov,2025-09-06T13:12:57.101845
github_870891611,dibbs-query-connector,https://github.com/CDCgov/dibbs-query-connector,CDC,cdcinfo@cdc.gov,2025-09-06T13:12:57.101847
github_871303485,wastewater_WA,https://github.com/CDCgov/wastewater_WA,CDC,cdcinfo@cdc.gov,2025-09-06T13:12:57.101848
github_871363138,cfa-config-generator,https://github.com/CDCgov/cfa-config-generator,Center for Forecasting and Outbreak Analytics (CFA),UTB2@cdc.gov;UTE2@cdc.gov;ZQM6@cdc.gov,2025-09-06T13:12:57.101849
github_871364107,cfa-config-management-cli,https://github.com/CDCgov/cfa-config-management-cli,Center for Forecasting and Outbreak Analytics (CFA),cdcinfo@cdc.gov,2025-09-06T13:12:57.101850
github_874332699,covid-vaccine-uptake-2023,https://github.com/CDCgov/covid-vaccine-uptake-2023,CDC,ulp7@cdc.gov;usn4@cdc.gov,2025-09-06T13:12:57.101852
github_878096456,ParaSIGHT,https://github.com/CDCgov/ParaSIGHT,CDC,cdcinfo@cdc.gov,2025-09-06T13:12:57.101853
github_880487377,terraform-aws-dibbs-ecr-viewer,https://github.com/CDCgov/terraform-aws-dibbs-ecr-viewer,CDC,cdcinfo@cdc.gov,2025-09-06T13:12:57.101854
github_880488643,terraform-azure-dibbs-ecr-viewer,https://github.com/CDCgov/terraform-azure-dibbs-ecr-viewer,CDC,cdcinfo@cdc.gov,2025-09-06T13:12:57.101856
github_880488927,terraform-gcp-dibbs-ecr-viewer,https://github.com/CDCgov/terraform-gcp-dibbs-ecr-viewer,CDC,cdcinfo@cdc.gov,2025-09-06T13:12:57.101857
github_880885384,scenarios-hpc-azure,https://github.com/CDCgov/scenarios-hpc-azure,CDC,ah20@cdc.gov;utx5@cdc.gov;uva5@cdc.gov,2025-09-06T13:12:57.101858
github_881457925,RANDS-pipeline,https://github.com/CDCgov/RANDS-pipeline,CDC,cdcinfo@cdc.gov,2025-09-06T13:12:57.101859
github_881469894,GRASP,https://github.com/CDCgov/GRASP,CDC,cdcinfo@cdc.gov,2025-09-06T13:12:57.101861
github_881478479,covidhub-sandbox,https://github.com/CDCgov/covidhub-sandbox,CDC,cdcinfo@cdc.gov,2025-09-06T13:12:57.101862
github_881531669,NEDSS-DataCompare,https://github.com/CDCgov/NEDSS-DataCompare,CDC,cdcinfo@cdc.gov,2025-09-06T13:12:57.101863
github_884490902,nis-py-api,https://github.com/CDCgov/nis-py-api,CDC,ulp7@cdc.gov,2025-09-06T13:12:57.101865
github_889135033,phylophoenix,https://github.com/CDCgov/phylophoenix,CDC,cdcinfo@cdc.gov,2025-09-06T13:12:57.101866
github_891657880,abm-python-wrappers,https://github.com/CDCgov/abm-python-wrappers,CDC,cdcinfo@cdc.gov,2025-09-06T13:12:57.101867
github_891668197,ixa-epi-isolation,https://github.com/CDCgov/ixa-epi-isolation,CDC,cdcinfo@cdc.gov,2025-09-06T13:12:57.101868
github_892684361,RadiationPreparedness,https://github.com/CDCgov/RadiationPreparedness,CDC,cdcinfo@cdc.gov,2025-09-06T13:12:57.101869
github_892721782,cfa-ring-vax-widget,https://github.com/CDCgov/cfa-ring-vax-widget,Center for Forecasting and Outbreak Analytics (CFA),rzg0@cdc.gov;ulp7@cdc.gov;yub1@cdc.gov,2025-09-06T13:12:57.101871
github_892721985,cfa-ngm-widget,https://github.com/CDCgov/cfa-ngm-widget,Center for Forecasting and Outbreak Analytics (CFA),rzg0@cdc.gov;ulp7@cdc.gov;yub1@cdc.gov,2025-09-06T13:12:57.101872
github_892809362,ONT-Seq-analysis,https://github.com/CDCgov/ONT-Seq-analysis,CDC,cdcinfo@cdc.gov,2025-09-06T13:12:57.101873
github_898627545,cfa-azuretools,https://github.com/CDCgov/cfa-azuretools,Center for Forecasting and Outbreak Analytics (CFA),cdcinfo@cdc.gov,2025-09-06T13:12:57.101875
github_899202998,clean-genes,https://github.com/CDCgov/clean-genes,CDC,cdcinfo@cdc.gov,2025-09-06T13:12:57.101876
github_901954500,hl7-mmg-validator-ktor,https://github.com/CDCgov/hl7-mmg-validator-ktor,CDC,cdcinfo@cdc.gov,2025-09-06T13:12:57.101877
github_904421163,NEDSS-NNDSS-Case-Notifications,https://github.com/CDCgov/NEDSS-NNDSS-Case-Notifications,CDC,cdcinfo@cdc.gov,2025-09-06T13:12:57.101878
github_905378830,cfa-tnd-ve-widget,https://github.com/CDCgov/cfa-tnd-ve-widget,Center for Forecasting and Outbreak Analytics (CFA),ulp7@cdc.gov,2025-09-06T13:12:57.101880
github_906374866,rickettsia_lanei_analysis,https://github.com/CDCgov/rickettsia_lanei_analysis,CDC,cdcinfo@cdc.gov,2025-09-06T13:12:57.101881
github_915062100,seasoner,https://github.com/CDCgov/seasoner,CDC,ulp7@cdc.gov,2025-09-06T13:12:57.101882
github_916832820,covidhub-reports,https://github.com/CDCgov/covidhub-reports,CDC,cdcinfo@cdc.gov,2025-09-06T13:12:57.101883
github_917360304,zoe,https://github.com/CDCgov/zoe,CDC,sshepard@cdc.gov,2025-09-06T13:12:57.101885
github_920209832,FHIRSheets,https://github.com/CDCgov/FHIRSheets,CDC,cdcinfo@cdc.gov,2025-09-06T13:12:57.101886
github_920218618,ocio-certificates,https://github.com/CDCgov/ocio-certificates,Office of the Chief Information Officer (OCIO),cdcinfo@cdc.gov,2025-09-06T13:12:57.101887
github_920262819,document_editor,https://github.com/CDCgov/document_editor,CDC,cdcinfo@cdc.gov,2025-09-06T13:12:57.101888
github_923124658,dibbs-ecr-viewer,https://github.com/CDCgov/dibbs-ecr-viewer,CDC,dibbs@cdc.gov,2025-09-06T13:12:57.101890
github_923228504,edso-sonar-r-plugin,https://github.com/CDCgov/edso-sonar-r-plugin,CDC,cdcinfo@cdc.gov,2025-09-06T13:12:57.101891
github_927824792,cfasodapy,https://github.com/CDCgov/cfasodapy,CDC,ulp7@cdc.gov,2025-09-06T13:12:57.101892
github_931319914,cfa-scoring-service,https://github.com/CDCgov/cfa-scoring-service,Center for Forecasting and Outbreak Analytics (CFA),cdcinfo@cdc.gov,2025-09-06T13:12:57.101893
github_934561630,flu-antiviral-model,https://github.com/CDCgov/flu-antiviral-model,CDC,nqr2@cdc.gov;run7@cdc.gov,2025-09-06T13:12:57.101895
github_935072116,open-science-repo,https://github.com/CDCgov/open-science-repo,CDC,cdcinfo@cdc.gov,2025-09-06T13:12:57.101896
github_935073037,ngsqi-astro,https://github.com/CDCgov/ngsqi-astro,CDC,cdcinfo@cdc.gov,2025-09-06T13:12:57.101897
github_935076230,ngsqi-spores,https://github.com/CDCgov/ngsqi-spores,CDC,cdcinfo@cdc.gov,2025-09-06T13:12:57.101899
github_935624180,influenza-cluster-us,https://github.com/CDCgov/influenza-cluster-us,CDC,LouisChan@cdc.gov,2025-09-06T13:12:57.101900
github_936364333,dibbs-star-wars-ecr-data,https://github.com/CDCgov/dibbs-star-wars-ecr-data,CDC,cdcinfo@cdc.gov,2025-09-06T13:12:57.101901
github_936734488,Mpox_AmpSeq,https://github.com/CDCgov/Mpox_AmpSeq,CDC,cdcinfo@cdc.gov,2025-09-06T13:12:57.101904
github_938360691,irma,https://github.com/CDCgov/irma,CDC,sshepard@cdc.gov,2025-09-06T13:12:57.101905
github_938361739,irma-core,https://github.com/CDCgov/irma-core,CDC,sshepard@cdc.gov,2025-09-06T13:12:57.101907
github_940211431,reedfrost,https://github.com/CDCgov/reedfrost,CDC,ulp7@cdc.gov,2025-09-06T13:12:57.101908
github_940806797,cfa-genomic-lag-effect,https://github.com/CDCgov/cfa-genomic-lag-effect,Center for Forecasting and Outbreak Analytics (CFA),cdcinfo@cdc.gov,2025-09-06T13:12:57.101909
github_942210969,cfa-sero-protection,https://github.com/CDCgov/cfa-sero-protection,Center for Forecasting and Outbreak Analytics (CFA),tec0@cdc.gov,2025-09-06T13:12:57.101911
github_942823992,oamd-bio-test-data,https://github.com/CDCgov/oamd-bio-test-data,Office of Advanced Molecular Detection (AMD),cdcinfo@cdc.gov,2025-09-06T13:12:57.101912
github_947929697,MycoID,https://github.com/CDCgov/MycoID,CDC,cdcinfo@cdc.gov,2025-09-06T13:12:57.101913
github_952676775,dynode-web,https://github.com/CDCgov/dynode-web,CDC,cdcinfo@cdc.gov,2025-09-06T13:12:57.101915
github_952901999,dibbs-ecr-refiner,https://github.com/CDCgov/dibbs-ecr-refiner,CDC,cdcinfo@cdc.gov,2025-09-06T13:12:57.101916
github_956770086,aadiff,https://github.com/CDCgov/aadiff,CDC,vfn4@cdc.gov,2025-09-06T13:12:57.101918
github_958019065,classifying-influenza-trends,https://github.com/CDCgov/classifying-influenza-trends,CDC,cdcinfo@cdc.gov,2025-09-06T13:12:57.101919
github_960004617,eicr-anonymization,https://github.com/CDCgov/eicr-anonymization,CDC,cdcinfo@cdc.gov,2025-09-06T13:12:57.101921
github_962389199,neissflow,https://github.com/CDCgov/neissflow,CDC,cdcinfo@cdc.gov,2025-09-06T13:12:57.101922
github_963353174,hubverse-annotator,https://github.com/CDCgov/hubverse-annotator,CDC,cdcinfo@cdc.gov,2025-09-06T13:12:57.101923
github_964011032,mycetoma-systematic-review-2024,https://github.com/CDCgov/mycetoma-systematic-review-2024,CDC,utg5@cdc.gov,2025-09-06T13:12:57.101924
github_966845030,ShareIT-Act,https://github.com/CDCgov/ShareIT-Act,NCCDPHP,chronicdev@cdc.gov,2025-09-06T13:12:57.101926
github_970173044,MycoGene_long,https://github.com/CDCgov/MycoGene_long,CDC,cdcinfo@cdc.gov,2025-09-06T13:12:57.101927
github_970220347,vr-mine-rescue-training,https://github.com/CDCgov/vr-mine-rescue-training,CDC,cdcinfo@cdc.gov,2025-09-06T13:12:57.101928
github_971809629,npptl-ppe-concern-detection,https://github.com/CDCgov/npptl-ppe-concern-detection,CDC,cdcinfo@cdc.gov,2025-09-06T13:12:57.101931
github_975086400,mira-oxide,https://github.com/CDCgov/mira-oxide,CDC,cdcinfo@cdc.gov,2025-09-06T13:12:57.101932
github_976870206,label,https://github.com/CDCgov/label,CDC,sshepard@cdc.gov;vfn4@cdc.gov,2025-09-06T13:12:57.101934
github_982973760,Study_Design_Tools_for_Complex_Cluster_Surveys,https://github.com/CDCgov/Study_Design_Tools_for_Complex_Cluster_Surveys,CDC,cdcinfo@cdc.gov,2025-09-06T13:12:57.101935
github_983664632,oamd-bio-tb-varpipe,https://github.com/CDCgov/oamd-bio-tb-varpipe,Office of Advanced Molecular Detection (AMD),cdcinfo@cdc.gov,2025-09-06T13:12:57.101936
github_986708234,BMGAP2,https://github.com/CDCgov/BMGAP2,CDC,cdcinfo@cdc.gov,2025-09-06T13:12:57.101938
github_991666011,PFAS-Calculator,https://github.com/CDCgov/PFAS-Calculator,CDC,cdcinfo@cdc.gov,2025-09-06T13:12:57.101939
github_996781907,routes,https://github.com/CDCgov/routes,CDC,cdcinfo@cdc.gov,2025-09-06T13:12:57.101940
github_996884841,dibbs-design-system,https://github.com/CDCgov/dibbs-design-system,CDC,cdcinfo@cdc.gov,2025-09-06T13:12:57.101941
github_999133488,PRB_Genomics_Diagnostic_Team,https://github.com/CDCgov/PRB_Genomics_Diagnostic_Team,CDC,cdcinfo@cdc.gov,2025-09-06T13:12:57.101943
github_1000487091,gtrendshealth,https://github.com/CDCgov/gtrendshealth,CDC,cdcinfo@cdc.gov,2025-09-06T13:12:57.101944
github_1001534723,cran-packages,https://github.com/CDCgov/cran-packages,CDC,lue7@cdc.gov;nyv5@cdc.gov;sbertke@cdc.gov,2025-09-06T13:12:57.101945
github_1003253337,walkingcalculatr,https://github.com/CDCgov/walkingcalculatr,CDC,cdcinfo@cdc.gov,2025-09-06T13:12:57.101946
github_1003694416,NEDSS-SystemAdminGuide,https://github.com/CDCgov/NEDSS-SystemAdminGuide,CDC,cdcinfo@cdc.gov,2025-09-06T13:12:57.101948
github_1004309686,quarto-cdc,https://github.com/CDCgov/quarto-cdc,Centers for Disease Control and Prevention (CDC),cdcinfo@cdc.gov,2025-09-06T13:12:57.101949
github_1009195513,EITPM-Hub,https://github.com/CDCgov/EITPM-Hub,CDC,cdcinfo@cdc.gov,2025-09-06T13:12:57.101950
github_1015494959,cfa-subgroup-imputer,https://github.com/CDCgov/cfa-subgroup-imputer,Center for Forecasting and Outbreak Analytics (CFA),rzg0@cdc.gov,2025-09-06T13:12:57.101951
github_1015613866,cfa-cloudops,https://github.com/CDCgov/cfa-cloudops,Center for Forecasting and Outbreak Analytics (CFA),cdcinfo@cdc.gov,2025-09-06T13:12:57.101953
github_1016166415,nccdphp-drh-mmria,https://github.com/CDCgov/nccdphp-drh-mmria,National Center for Chronic Disease Prevention and Health Promotion (NCCDPHP),cdcinfo@cdc.gov,2025-09-06T13:12:57.101954
github_1017556196,MFIREServer,https://github.com/CDCgov/MFIREServer,CDC,cdcinfo@cdc.gov,2025-09-06T13:12:57.101955
github_1018164740,Databricks_Schema_Analysis,https://github.com/CDCgov/Databricks_Schema_Analysis,CDC,cdcinfo@cdc.gov,2025-09-06T13:12:57.101957
github_1019713814,dibbs-text-to-code,https://github.com/CDCgov/dibbs-text-to-code,CDC,cdcinfo@cdc.gov,2025-09-06T13:12:57.101958
github_1024340197,nccdphp-ddt-dprp-program-locator-ui,https://github.com/CDCgov/nccdphp-ddt-dprp-program-locator-ui,National Center for Chronic Disease Prevention and Health Promotion (NCCDPHP),cdcinfo@cdc.gov,2025-09-06T13:12:57.101959
